<?xml version="1.0" encoding="UTF-8"?>
<project-private xmlns="http://www.netbeans.org/ns/project-private/1">
    <editor-bookmarks xmlns="http://www.netbeans.org/ns/editor-bookmarks/2" lastBookmarkId="0"/>
    <open-files xmlns="http://www.netbeans.org/ns/projectui-open-files/2">
        <group>
            <file>file:/C:/Users/yashd/OneDrive/Documents/NetBeansProjects/vabby/Assignment-Management-System/src/studentassstatus.java</file>
            <file>file:/C:/Users/yashd/OneDrive/Documents/NetBeansProjects/vabby/Assignment-Management-System/src/Checkstatus.java</file>
            <file>file:/C:/Users/yashd/OneDrive/Documents/NetBeansProjects/vabby/Assignment-Management-System/src/HomePage.java</file>
            <file>file:/C:/Users/yashd/OneDrive/Documents/NetBeansProjects/vabby/Assignment-Management-System/src/submitass.java</file>
        </group>
    </open-files>
</project-private>
